{"pred_boxes": [[363.37542724609375, 12.661542892456055, 818.6383666992188, 548.5795288085938]], "scores": [0.9867628216743469], "pred_classes": [0]}